Brandweer;straatnaam;huisnummer;Gemeente;Provincie;postcode;datum bestrijding;opmerking;Alreeds gemeld/Nieuwe melding;country;fullAddress;geometry
NA;Meerstraat;63;Oosterzele;Oost-Vlaanderen;9860;30/06/2023;NA;Nieuwe melding;Belgium;63 Meerstraat , 9860 Oosterzele Belgium;c(3.80223019605596, 50.953895302432)
NA;Beekstraat;6;Oudenaarde;Oost-Vlaanderen;9700;8/08/2023;NA;Nieuwe melding;Belgium;6 Beekstraat , 9700 Oudenaarde Belgium;c(3.77071639066359, 50.806489002471)
NA;Boskant;17;Oudenaarde;Oost-Vlaanderen;9700;31/07/2023;NA;Nieuwe melding;Belgium;17 Boskant , 9700 Oudenaarde Belgium;c(3.64246439608508, 50.861790802441)
NA;Boskant;30;Oudenaarde;Oost-Vlaanderen;9700;8/02/2023;NA;Nieuwe melding;Belgium;30 Boskant , 9700 Oudenaarde Belgium;c(3.64246439608508, 50.861790802441)
NA;Herlegem;33;Oudenaarde;Oost-Vlaanderen;9700;9/04/2023;NA;NA;Belgium;33 Herlegem , 9700 Oudenaarde Belgium;c(3.60518079609676, 50.8874186024296)
NA;Jagerij;33;Oudenaarde;Oost-Vlaanderen;9700;16/08/2023;NA;NA;Belgium;33 Jagerij , 9700 Oudenaarde Belgium;c(3.67779519607416, 50.8391725024514)
NA;Karel Martelstraat;79;Oudenaarde;Oost-Vlaanderen;9700;28/08/2023;NA;NA;Belgium;79 Karel Martelstraat , 9700 Oudenaarde Belgium;c(3.6559254960797, 50.8414567024484)
NA;kortrijkstraat;100;Oudenaarde;Oost-Vlaanderen;9700;7/07/2023;NA;NA;Belgium;100 kortrijkstraat , 9700 Oudenaarde Belgium;c(3.58698409609713, 50.8487420024387)
NA;Kraneveld;5;Oudenaarde;Oost-Vlaanderen;9700;9/04/2023;NA;NA;Belgium;5 Kraneveld , 9700 Oudenaarde Belgium;c(3.60913159609433, 50.8732317024341)
NA;Magnoliadreef;21;Oudenaarde;Oost-Vlaanderen;9700;17/07/2023;NA;NA;Belgium;21 Magnoliadreef , 9700 Oudenaarde Belgium;c(3.61575149609176, 50.8639819024375)
NA;Natendries;21;Oudenaarde;Oost-Vlaanderen;9700;8/10/2023;NA;NA;Belgium;21 Natendries , 9700 Oudenaarde Belgium;c(3.64290257077086, 50.8463266024455)
Brandweerzone Vlaamse Ardennen;Nederenamestraat;43;Oudenaarde;Oost-Vlaanderen;9700;20/10/2023;NA;NA;Belgium;43 Nederenamestraat , 9700 Oudenaarde Belgium;c(3.63438959608688, 50.8603447024406)
NA;Pauwel Vander Scheldenstraat;28;Oudenaarde;Oost-Vlaanderen;9700;8/09/2023;NA;NA;Belgium;28 Pauwel Vander Scheldenstraat , 9700 Oudenaarde Belgium;c(3.60433277160595, 50.8505806524401)
NA;Puistraat;44;Oudenaarde;Oost-Vlaanderen;9700;27/07/2023;NA;NA;Belgium;44 Puistraat , 9700 Oudenaarde Belgium;c(3.59985959609207, 50.8300909024455)
NA;Ronseweg;1;Oudenaarde;Oost-Vlaanderen;9700;31/08/2023;NA;NA;Belgium;1 Ronseweg , 9700 Oudenaarde Belgium;c(3.60368949609044, 50.8233425024479)
NA;Sint-Lucasstraat;1;Oudenaarde;Oost-Vlaanderen;9700;7/03/2023;NA;NA;Belgium;1 Sint-Lucasstraat , 9700 Oudenaarde Belgium;c(3.60985459609215, 50.8540339024397)
NA;Sompelplein;44;Oudenaarde;Oost-Vlaanderen;9700;18/07/2023;NA;NA;Belgium;44 Sompelplein , 9700 Oudenaarde Belgium;c(3.6071696960904, 50.830997502446)
NA;Stuivegem;10;Oudenaarde;Oost-Vlaanderen;9700;26/06/2023;NA;NA;Belgium;10 Stuivegem , 9700 Oudenaarde Belgium;c(3.61992899608834, 50.8408646024446)
NA;Tempelstraat;6;Oudenaarde;Oost-Vlaanderen;9700;8/07/2023;NA;NA;Belgium;6 Tempelstraat , 9700 Oudenaarde Belgium;c(3.66995109607686, 50.8467558024483)
NA;Terkerkenlaan;23;Oudenaarde;Oost-Vlaanderen;9700;30/06/2023;NA;NA;Belgium;23 Terkerkenlaan , 9700 Oudenaarde Belgium;c(3.61195476322997, 50.85368210244)
NA;Tivolistraat;91;Oudenaarde;Oost-Vlaanderen;9700;8/11/2023;NA;NA;Belgium;91 Tivolistraat , 9700 Oudenaarde Belgium;c(3.62974629608591, 50.8403199024458)
NA;Tuinwijk;6;Oudenaarde;Oost-Vlaanderen;9700;8/09/2023;NA;NA;Belgium;6 Tuinwijk , 9700 Oudenaarde Belgium;c(3.61081500945274, 50.8559199524393)
NA;Vlaamse Ardennendreef;6;Oudenaarde;Oost-Vlaanderen;9700;26/06/2023;NA;NA;Belgium;6 Vlaamse Ardennendreef , 9700 Oudenaarde Belgium;c(3.6206386960872, 50.8315730024473)
NA;Watermolenstraat;30;Oudenaarde;Oost-Vlaanderen;9700;28/06/2023;NA;NA;Belgium;30 Watermolenstraat , 9700 Oudenaarde Belgium;c(3.77025510991551, 50.8070399024707)
NA;Broeke;227;Ronse;Oost-Vlaanderen;9600;18/09/2023;NA;NA;Belgium;227 Broeke , 9600 Ronse Belgium;c(3.5997951475506, 50.765694902464)
Brandweerzone Vlaamse Ardennen;Clementine De Niestraat;3;Ronse;Oost-Vlaanderen;9600;10/04/2023;NA;NA;Belgium;3 Clementine De Niestraat , 9600 Ronse Belgium;c(3.61860284109311, 50.7508983024703)
NA;Dammekensstraat;196;Ronse;Oost-Vlaanderen;9600;9/01/2023;NA;NA;Belgium;196 Dammekensstraat , 9600 Ronse Belgium;c(3.61406584017288, 50.7648916524658)
NA;Edouard Jolystraat;24;Ronse;Oost-Vlaanderen;9600;26/09/2023;NA;NA;Belgium;24 Edouard Jolystraat , 9600 Ronse Belgium;c(3.59454657486817, 50.7587707524655)
NA;Engelsenlaan;268;Ronse;Oost-Vlaanderen;9600;8/09/2023;NA;NA;Belgium;268 Engelsenlaan , 9600 Ronse Belgium;c(3.58255989608717, 50.7431444024686)
NA;Engelsenlaan;150;Ronse;Oost-Vlaanderen;9600;8/10/2023;NA;NA;Belgium;150 Engelsenlaan , 9600 Ronse Belgium;c(3.58255989608717, 50.7431444024686)
NA;Ernest Solvaystraat;2;Ronse;Oost-Vlaanderen;9600;25/07/2023;NA;NA;Belgium;2 Ernest Solvaystraat , 9600 Ronse Belgium;c(3.60357059608123, 50.7349392024733)
NA;Floreal;153;Ronse;Oost-Vlaanderen;9600;28/09/2023;NA;NA;Belgium;153 Floreal , 9600 Ronse Belgium;c(3.57825909608814, 50.7424954024684)
NA;Germinal;56;Ronse;Oost-Vlaanderen;9600;8/11/2023;NA;NA;Belgium;56 Germinal , 9600 Ronse Belgium;c(3.62247645174169, 50.7472597524718)
NA;Jean-Baptiste Dekeyserstraat;7;Ronse;Oost-Vlaanderen;9600;18/08/2023;NA;NA;Belgium;7 Jean-Baptiste Dekeyserstraat , 9600 Ronse Belgium;c(3.60147589608277, 50.7448362024702)
NA;Jean-Baptiste Mouroitplein;11;Ronse;Oost-Vlaanderen;9600;8/10/2023;NA;NA;Belgium;11 Jean-Baptiste Mouroitplein , 9600 Ronse Belgium;c(3.60334188828134, 50.7490622793555)
NA;Kapellestraat;213;Ronse;Oost-Vlaanderen;9600;20/07/2023;NA;NA;Belgium;213 Kapellestraat , 9600 Ronse Belgium;c(3.57763958492071, 50.7565168024643)
NA;Kapellestraat;158;Ronse;Oost-Vlaanderen;9600;25/07/2023;NA;NA;Belgium;158 Kapellestraat , 9600 Ronse Belgium;c(3.585918396087, 50.7493333024672)
NA;Kasteelstraat;39;Ronse;Oost-Vlaanderen;9600;9/05/2023;NA;NA;Belgium;39 Kasteelstraat , 9600 Ronse Belgium;c(3.59809349608386, 50.7474238024691)
NA;Kasteelstraat;39;Ronse;Oost-Vlaanderen;9600;13/09/2023;NA;NA;Belgium;39 Kasteelstraat , 9600 Ronse Belgium;c(3.59809349608386, 50.7474238024691)
NA;Kleine Heide;61;Ronse;Oost-Vlaanderen;9600;9/04/2023;NA;NA;Belgium;61 Kleine Heide , 9600 Ronse Belgium;c(3.63602370330994, 50.7314385524779)
NA;Koekamerstraat;7;Ronse;Oost-Vlaanderen;9600;8/02/2023;NA;NA;Belgium;7 Koekamerstraat , 9600 Ronse Belgium;c(3.67074343531008, 50.7710936024702)
NA;Kruisstraat;232;Ronse;Oost-Vlaanderen;9600;8/09/2023;NA;NA;Belgium;232 Kruisstraat , 9600 Ronse Belgium;c(3.59673129608448, 50.7501633024682)
Brandweerzone Vlaamse Ardennen;Lievensveld;7;Ronse;Oost-Vlaanderen;9600;10/06/2023;NA;NA;Belgium;7 Lievensveld , 9600 Ronse Belgium;c(3.64626906274291, 50.7482798524741)
NA;Oscar Delghuststraat;64;Ronse;Oost-Vlaanderen;9600;9/11/2023;NA;NA;Belgium;64 Oscar Delghuststraat , 9600 Ronse Belgium;c(3.61434709608009, 50.7489726024705)
NA;Riekestraat;11;Ronse;Oost-Vlaanderen;9600;17/08/2023;NA;NA;Belgium;11 Riekestraat , 9600 Ronse Belgium;c(3.56903226846432, 50.7564809024633)
NA;Robert Schumanstraat;1;Ronse;Oost-Vlaanderen;9600;26/09/2023;NA;NA;Belgium;1 Robert Schumanstraat , 9600 Ronse Belgium;c(3.62089414607819, 50.745921102472)
NA;Rozenaaksesteenweg;35;Ronse;Oost-Vlaanderen;9600;17/07/2023;NA;NA;Belgium;35 Rozenaaksesteenweg , 9600 Ronse Belgium;c(3.56431509609216, 50.748704502465)
NA;Savooistraat;1;Ronse;Oost-Vlaanderen;9600;25/07/2023;NA;NA;Belgium;1 Savooistraat , 9600 Ronse Belgium;c(3.62117796060822, 50.7524419524702)
NA;Scheldekouter;91;Ronse;Oost-Vlaanderen;9600;8/02/2023;NA;NA;Belgium;91 Scheldekouter , 9600 Ronse Belgium;c(3.61351439607941, 50.7405181024728)
NA;Sint-Cornelisstraat;35;Ronse;Oost-Vlaanderen;9600;9/05/2023;NA;NA;Belgium;35 Sint-Cornelisstraat , 9600 Ronse Belgium;c(3.59779669608405, 50.7485084024688)
NA;Stefaan Modest Glorieuxlaan;55;Ronse;Oost-Vlaanderen;9600;27/06/2023;NA;NA;Belgium;55 Stefaan Modest Glorieuxlaan , 9600 Ronse Belgium;c(3.60184019608349, 50.752556002468)
NA;Stefaan Modest Glorieuxlaan;55;Ronse;Oost-Vlaanderen;9600;31/08/2023;NA;NA;Belgium;55 Stefaan Modest Glorieuxlaan , 9600 Ronse Belgium;c(3.60184019608349, 50.752556002468)
Brandweerzone Vlaamse Ardennen;Wijnstraat;10;Ronse;Oost-Vlaanderen;9600;17/10/2023;NA;NA;Belgium;10 Wijnstraat , 9600 Ronse Belgium;c(3.59743979608422, 50.7493585024685)
Brandweerzone Meetjesland;Comercaatsweg;28;Sint-Laureins;Oost-Vlaanderen;9980;8/04/2023;NA;NA;Belgium;28 Comercaatsweg , 9980 Sint-Laureins Belgium;c(3.53767679614978, 51.2436659023213)
Brandweerzone Meetjesland;Leemweg;54;Sint-Laureins;Oost-Vlaanderen;9980;8/07/2023;NA;NA;Belgium;54 Leemweg , 9980 Sint-Laureins Belgium;c(3.51975719615263, 51.2294377023234)
Brandweerzone Meetjesland;Mandeweg;22;Sint-Laureins;Oost-Vlaanderen;9980;NA;NA;NA;Belgium;22 Mandeweg , 9980 Sint-Laureins Belgium;c(3.5665839958687, 51.2495280023227)
Brandweerzone Meetjesland;Mandeweg;22;Sint-Laureins;Oost-Vlaanderen;9980;7/04/2023;NA;NA;Belgium;22 Mandeweg , 9980 Sint-Laureins Belgium;c(3.5665839958687, 51.2495280023227)
Brandweerzone Meetjesland;Turflaan;20;Sint-Laureins;Oost-Vlaanderen;9980;8/11/2023;NA;NA;Belgium;20 Turflaan , 9980 Sint-Laureins Belgium;c(3.52630199615208, 51.2394500023212)
Brandweerzone Meetjesland;Vlamingstraat;71;Sint-Laureins;Oost-Vlaanderen;9980;16/08/2023;NA;NA;Belgium;71 Vlamingstraat , 9980 Sint-Laureins Belgium;c(3.53561369615045, 51.2453550023206)
NA;Bruisbeke;83;Sint-Lievens-Houtem;Oost-Vlaanderen;9520;27/07/2023;NA;NA;Belgium;83 Bruisbeke , 9520 Sint-Lievens-Houtem Belgium;c(3.8425231960436, 50.9292723024435)
NA;Hoeksken;54;Sint-Lievens-Houtem;Oost-Vlaanderen;9520;26/06/2023;NA;NA;Belgium;54 Hoeksken , 9520 Sint-Lievens-Houtem Belgium;c(3.84218669604241, 50.9171538024469)
NA;Ijshoutestraat;7;Sint-Lievens-Houtem;Oost-Vlaanderen;9520;9/07/2023;NA;NA;Belgium;7 Ijshoutestraat , 9520 Sint-Lievens-Houtem Belgium;c(3.82880239604691, 50.929079602442)
NA;Kerkkouterstraat;45;Sint-Lievens-Houtem;Oost-Vlaanderen;9520;31/08/2023;NA;NA;Belgium;45 Kerkkouterstraat , 9520 Sint-Lievens-Houtem Belgium;c(3.86782899603909, 50.9450096024417)
Brandweerzone Vlaamse Ardennen;Peperstraatje;2;Sint-Lievens-Houtem;Oost-Vlaanderen;9520;10/10/2023;NA;NA;Belgium;2 Peperstraatje , 9520 Sint-Lievens-Houtem Belgium;c(3.8970252960303, 50.9289223024495)
NA;Sint-Fledericusstraat;59;Sint-Lievens-Houtem;Oost-Vlaanderen;9520;8/07/2023;NA;NA;Belgium;59 Sint-Fledericusstraat , 9520 Sint-Lievens-Houtem Belgium;c(3.89781199603131, 50.9404248024463)
NA;Christoffelpolder;3;St.-Laureins;Oost-Vlaanderen;9988;30/05/2023;NA;NA;Belgium;3 Christoffelpolder , 9988 St.-Laureins Belgium;c(3.63878073791069, 51.2593307523276)
Brandweerzone Waasland;Stadionstraat;14;Stekene;Oost-Vlaanderen;9190;6/07/2023;NA;NA;Belgium;14 Stadionstraat , 9190 Stekene Belgium;c(4.04187720390563, 51.2053462523863)
NA;Bouvelostraat;28;Wortegem-Petegem;Oost-Vlaanderen;9790;8/07/2023;NA;NA;Belgium;28 Bouvelostraat , 9790 Wortegem-Petegem Belgium;c(3.50032049611777, 50.8462045024301)
NA;Krauwelstraat;16;Wortegem-Petegem;Oost-Vlaanderen;9790;25/07/2023;NA;NA;Belgium;16 Krauwelstraat , 9790 Wortegem-Petegem Belgium;c(3.54780159610489, 50.8324956024392)
NA;Acacialaan;102;Zottegem;Oost-Vlaanderen;9620;29/09/2023;NA;NA;Belgium;102 Acacialaan , 9620 Zottegem Belgium;c(3.82017171125975, 50.8657520024593)
NA;Beislovenstraat;7;Zottegem;Oost-Vlaanderen;9620;9/07/2023;NA;NA;Belgium;7 Beislovenstraat , 9620 Zottegem Belgium;c(3.80845037479608, 50.8749291524554)
NA;Bevegemkouter;1;Zottegem;Oost-Vlaanderen;9620;9/12/2023;NA;NA;Belgium;1 Bevegemkouter , 9620 Zottegem Belgium;c(3.81714739604325, 50.8668855024587)
NA;Brakelstraat;112;Zottegem;Oost-Vlaanderen;9620;22/08/2023;NA;NA;Belgium;112 Brakelstraat , 9620 Zottegem Belgium;c(3.78565205520164, 50.8311311024655)
NA;Gieterijstraat;21;Zottegem;Oost-Vlaanderen;9620;8/11/2023;NA;NA;Belgium;21 Gieterijstraat , 9620 Zottegem Belgium;c(3.80809824761174, 50.8614649024592)
NA;Godveerdegemstraat;272;Zottegem;Oost-Vlaanderen;9620;8/03/2023;NA;NA;Belgium;272 Godveerdegemstraat , 9620 Zottegem Belgium;c(3.82810644192589, 50.8639857024607)
NA;Godveerdegemstraat;240;Zottegem;Oost-Vlaanderen;9620;13/09/2023;NA;NA;Belgium;240 Godveerdegemstraat , 9620 Zottegem Belgium;c(3.82501454638443, 50.8642747524602)
Brandweerzone Vlaamse Ardennen;Kleine Meerlaan;2;Zottegem;Oost-Vlaanderen;9620;16/10/2023;NA;NA;Belgium;2 Kleine Meerlaan , 9620 Zottegem Belgium;c(3.81157082972353, 50.8614339524596)
NA;Kluisstraat;2;Zottegem;Oost-Vlaanderen;9620;8/09/2023;NA;NA;Belgium;2 Kluisstraat , 9620 Zottegem Belgium;c(3.76773198554621, 50.871175752452)
Brandweerzone Vlaamse Ardennen;Lippenhovestraat;12;Zottegem;Oost-Vlaanderen;9620;10/06/2023;NA;NA;Belgium;12 Lippenhovestraat , 9620 Zottegem Belgium;c(3.80727267612835, 50.8883500524514)
NA;Meire;22;Zottegem;Oost-Vlaanderen;9620;19/06/2023;NA;NA;Belgium;22 Meire , 9620 Zottegem Belgium;c(3.80719408167157, 50.8668597024576)
NA;Neerhofstraat;12;Zottegem;Oost-Vlaanderen;9620;7/12/2023;NA;NA;Belgium;12 Neerhofstraat , 9620 Zottegem Belgium;c(3.80914309604565, 50.8712867024565)
Brandweerzone Vlaamse Ardennen;Penitentenlaan;5;Zottegem;Oost-Vlaanderen;9620;10/04/2023;NA;NA;Belgium;5 Penitentenlaan , 9620 Zottegem Belgium;c(3.78076166960096, 50.8820309024503)
NA;Provinciebaan;374;Zottegem;Oost-Vlaanderen;9620;29/08/2023;NA;NA;Belgium;374 Provinciebaan , 9620 Zottegem Belgium;c(3.76045919809562, 50.885821402447)
NA;Ragestraat;70;Zottegem;Oost-Vlaanderen;9620;23/08/2023;NA;NA;Belgium;70 Ragestraat , 9620 Zottegem Belgium;c(3.81941261751995, 50.8494628524639)
NA;Rodestraat;28;Zottegem;Oost-Vlaanderen;9620;8/11/2023;NA;NA;Belgium;28 Rodestraat , 9620 Zottegem Belgium;c(3.83290821326301, 50.8606840524622)
NA;Sint-Paulusplein;5;Zottegem;Oost-Vlaanderen;9620;24/07/2023;NA;NA;Belgium;5 Sint-Paulusplein , 9620 Zottegem Belgium;c(3.81997907349573, 50.8591692024612)
NA;Sonseindestraat;67;Zottegem;Oost-Vlaanderen;9620;16/08/2023;NA;NA;Belgium;67 Sonseindestraat , 9620 Zottegem Belgium;c(3.77594279605749, 50.9073764024425)
NA;Steenweg op Aalst;13;Zottegem;Oost-Vlaanderen;9620;8/10/2023;NA;NA;Belgium;13 Steenweg op Aalst , 9620 Zottegem Belgium;c(3.81395416007309, 50.8979371524493)
NA;Vlaanderenstraat;3;Zottegem;Oost-Vlaanderen;9620;22/08/2023;NA;NA;Belgium;3 Vlaanderenstraat , 9620 Zottegem Belgium;c(3.81253295519953, 50.8560688024613)
NA;Wijnhuizestraat;33;Zottegem;Oost-Vlaanderen;9620;8/02/2023;NA;NA;Belgium;33 Wijnhuizestraat , 9620 Zottegem Belgium;c(3.82837255583219, 50.8463115524658)
NA;Wurmendries;30;Zottegem;Oost-Vlaanderen;9620;9/07/2023;NA;NA;Belgium;30 Wurmendries , 9620 Zottegem Belgium;c(3.8072483971826, 50.865343452458)
Brandweerzone Vlaamse Ardennen;Zonnelaan;11;Zottegem;Oost-Vlaanderen;9620;13/10/2023;NA;NA;Belgium;11 Zonnelaan , 9620 Zottegem Belgium;c(3.80134616382467, 50.8739106024549)
NA;Bareelstraat;56;Zwalm;Oost-Vlaanderen;9630;28/06/2023;NA;NA;Belgium;56 Bareelstraat , 9630 Zwalm Belgium;c(3.69884119607605, 50.9060931024345)
NA;Beekmeersstraat;2;Zwalm;Oost-Vlaanderen;9630;28/08/2023;NA;NA;Belgium;2 Beekmeersstraat , 9630 Zwalm Belgium;c(3.69763099607535, 50.896598302437)
NA;Borstekouterstraat;32;Zwalm;Oost-Vlaanderen;9630;7/12/2023;NA;NA;Belgium;32 Borstekouterstraat , 9630 Zwalm Belgium;c(3.75016408393164, 50.8647223524519)
NA;Fonteinstraat;7;Zwalm;Oost-Vlaanderen;9630;9/04/2023;NA;NA;Belgium;7 Fonteinstraat , 9630 Zwalm Belgium;c(3.75015084443108, 50.8661384024515)
Brandweerzone Vlaamse Ardennen;Hoeksken;11;Zwalm;Oost-Vlaanderen;9630;10/04/2023;NA;NA;Belgium;11 Hoeksken , 9630 Zwalm Belgium;c(3.74362949606475, 50.9018407024405)
NA;Latemdreef;45;Zwalm;Oost-Vlaanderen;9630;8/09/2023;NA;NA;Belgium;45 Latemdreef , 9630 Zwalm Belgium;c(3.70585339607262, 50.88948330244)
NA;Meilegemstraat;76;Zwalm;Oost-Vlaanderen;9630;7/10/2023;NA;NA;Belgium;76 Meilegemstraat , 9630 Zwalm Belgium;c(3.70187549607524, 50.905359902435)
NA;Rozenlaan;26;Zwalm;Oost-Vlaanderen;9630;26/06/2023;NA;NA;Belgium;26 Rozenlaan , 9630 Zwalm Belgium;c(3.72951472296745, 50.874112452447)
NA;Sint-Annastraat;20;Zwalm;Oost-Vlaanderen;9630;8/07/2023;NA;NA;Belgium;20 Sint-Annastraat , 9630 Zwalm Belgium;c(3.75033539605844, 50.8569811024542)
NA;Zuidlaan;143;Zwalm;Oost-Vlaanderen;9630;30/06/2023;NA;NA;Belgium;143 Zuidlaan , 9630 Zwalm Belgium;c(3.7351550842697, 50.8708990024485)
Branweerzone Midwest;Broekstraat;1;Aarschot;Vlaams-Brabant;3201;10/12/2023;Boom 31m dia 55cm lans+poeder;NA;Belgium;1 Broekstraat , 3201 Aarschot Belgium;c(4.88972060289419, 51.0006715525399)
NA;Demerstraat;24;Aarschot;Vlaams-Brabant;3200;30/05/2023;NA;NA;Belgium;24 Demerstraat , 3200 Aarschot Belgium;c(4.82283056226427, 50.9863767025365)
Branweerzone Midwest;Diestsesteenweg;1;Aarschot;Vlaams-Brabant;3200;9/05/2023;In boom 27m bol 45 cm lans + poeder;NA;Belgium;1 Diestsesteenweg , 3200 Aarschot Belgium;c(4.85215989580003, 50.9798780025417)
Branweerzone Midwest;Elsleukenstraat;13;Aarschot;Vlaams-Brabant;3201;9/02/2023;Primair nest aan oversteek op 2m hoog, bol van 30cm, zaktechniek;NA;Belgium;13 Elsleukenstraat , 3201 Aarschot Belgium;c(4.90316607157045, 51.0178235525365)
Branweerzone Midwest;Herseltsesteenweg;243;Aarschot;Vlaams-Brabant;3200;18/09/2023;Muur kerkhof: poeder;NA;Belgium;243 Herseltsesteenweg , 3200 Aarschot Belgium;c(4.83701793510129, 51.0051349025326)
Hulpverleningszone oost (Vlaams-Brabant);Herseltsesteenweg;1;Aarschot;Vlaams-Brabant;3200;12/11/2023;In boom 12m, dia 65cm, nest is dood, uit boom gehaald;NA;Belgium;1 Herseltsesteenweg , 3200 Aarschot Belgium;c(4.84068359438375, 50.9920442525369)
Branweerzone Midwest;Nopstal;24;Aarschot;Vlaams-Brabant;3202;9/09/2023;NA;NA;Belgium;24 Nopstal , 3202 Aarschot Belgium;c(4.87150036988065, 50.9755185025452)
Branweerzone Midwest;Gelroodsesteenweg;1;Begijnendijk;Vlaams-Brabant;3130;10/06/2023;27m hoog 40cm dia lans+poeder;NA;Belgium;1 Gelroodsesteenweg , 3130 Begijnendijk Belgium;c(4.78154754290466, 50.9840791525325)
Branweerzone Midwest;Raystraat;10;Begijnendijk;Vlaams-Brabant;3130;18/07/2023;Onder carport;NA;Belgium;10 Raystraat , 3130 Begijnendijk Belgium;c(4.77477534630656, 50.9876995025306)
Hulpverleningszone oost (Vlaams-Brabant);Egenhovenstraat;66;Bertem;Vlaams-Brabant;3060;22/11/2023;In boom 15m, dia 60cm, lans met poeder;NA;Belgium;66 Egenhovenstraat , 3060 Bertem Belgium;c(4.63615592617435, 50.8621596025516)
Hulpverleningszone oost (Vlaams-Brabant);Egenhovenstraat;66;Bertem;Vlaams-Brabant;3060;23/11/2023;In boom 15m, dia 60cm;NA;Belgium;66 Egenhovenstraat , 3060 Bertem Belgium;c(4.63615592617435, 50.8621596025516)
Branweerzone Midwest;Hertwinkel;12;Bertem;Vlaams-Brabant;3061;6/09/2023;Primair nest in tuinhuis;NA;Belgium;12 Hertwinkel , 3061 Bertem Belgium;c(4.59273714191493, 50.8428937525523)
NA;Hofakker;7;Bertem;Vlaams-Brabant;3061;16/10/2023;NA;NA;Belgium;7 Hofakker , 3061 Bertem Belgium;c(4.58743219585246, 50.8526658025488)
Branweerzone Midwest;Hofakker;1;Bertem;Vlaams-Brabant;3061;16/10/2023;Haag 1m 30cm dia poeder+nest weg;NA;Belgium;1 Hofakker , 3061 Bertem Belgium;c(4.58728999585253, 50.8529366025487)
NA;Paardenstraat;29;Bertem;Vlaams-Brabant;3060;18/07/2023;NA;NA;Belgium;29 Paardenstraat , 3060 Bertem Belgium;c(4.63328643962512, 50.8605064525517)
Branweerzone Midwest;Ruisbroekstraat;1;Bierbeek;Vlaams-Brabant;3360;10/05/2023;27m hoog 45cm dia lans+poeder;NA;Belgium;1 Ruisbroekstraat , 3360 Bierbeek Belgium;c(4.75112064581023, 50.8388611025715)
Branweerzone Midwest;Waversesteenweg;67;Bierbeek;Vlaams-Brabant;3360;30/08/2023;In paardentrailer, zaktechniek;NA;Belgium;67 Waversesteenweg , 3360 Bierbeek Belgium;c(4.78799920460305, 50.8108160025841)
Hulpverleningszone oost (Vlaams-Brabant);Kallebeekstraat;1;Boortmeerbeek;Vlaams-Brabant;3191;11/08/2023;In boom 30m, dia 60cm;NA;Belgium;1 Kallebeekstraat , 3191 Boortmeerbeek Belgium;c(4.55742438396683, 50.987677052506)
Branweerzone Midwest;Lubbeeksestraat;142;Boutersem;Vlaams-Brabant;3370;25/09/2023;28m 40 cm dia;NA;Belgium;142 Lubbeeksestraat , 3370 Boutersem Belgium;c(4.86277476268819, 50.8416725525836)
Hulpverleningszone oost (Vlaams-Brabant);Demerstraat;1;Diest;Vlaams-Brabant;3290;29/11/2023;Vlierstruik 8m, dia 75cm, lans met poeder;NA;Belgium;1 Demerstraat , 3290 Diest Belgium;c(5.04854609575162, 50.987482402562)
Branweerzone Midwest;Kruisstraat;54;Diest;Vlaams-Brabant;3294;18/07/2023;Op voetweg;NA;Belgium;54 Kruisstraat , 3294 Diest Belgium;c(5.03427563525891, 51.0001429025567)
Branweerzone Midwest;Glabbeekstraat;149;Geetbets;Vlaams-Brabant;3450;6/05/2023;2 Nesten: 1 in veranda en 1 in tuinhuis;NA;Belgium;149 Glabbeekstraat , 3450 Geetbets Belgium;c(5.1008831883392, 50.8786279026002)
Branweerzone Midwest;Keerbergsesteenweg;3;Haacht;Vlaams-Brabant;3150;17/08/2023;klein nest op balkon, groot nest, 10m hoog in muur met lans;NA;Belgium;3 Keerbergsesteenweg , 3150 Haacht Belgium;c(4.63788826343943, 50.9780232025179)
Branweerzone Midwest;Kouterstraat;1;Haacht;Vlaams-Brabant;3150;10/12/2023;Spouw dakkapel 8m lans+poeder;NA;Belgium;1 Kouterstraat , 3150 Haacht Belgium;c(4.64541551217135, 50.9431899525289)
Branweerzone Midwest;M. Francisstraat;17;Haacht;Vlaams-Brabant;3150;9/11/2023;Prim+sec zak + lans 10m 50cm dia;NA;Belgium;17 M. Francisstraat , 3150 Haacht Belgium;c(4.60748269585885, 50.9597496525198)
Branweerzone Midwest;Schoolstraat;2;Herent;Vlaams-Brabant;3020;29/08/2023;5m in gevel, poeder lans;NA;Belgium;2 Schoolstraat , 3020 Herent Belgium;c(4.67601582471589, 50.9065114025431)
NA;Scherpstraat;15;Herne;Vlaams-Brabant;1540;18/07/2023;NA;NA;Belgium;15 Scherpstraat , 1540 Herne Belgium;c(4.02194162974038, 50.7286948025213)
Hulpverleningszone oost (Vlaams-Brabant);Willem De Croylaan;63;Heverlee;Vlaams-Brabant;3001;18/10/2023;Seundair nest 7m 40cm dia;NA;Belgium;63 Willem De Croylaan , 3001 Heverlee Belgium;c(4.68108524582979, 50.8584612525578)
Branweerzone Midwest;Bundersdreef;2;Hoeilaart;Vlaams-Brabant;1560;10/12/2023;Boom telescopische stok;NA;Belgium;2 Bundersdreef , 1560 Hoeilaart Belgium;c(4.42580279588434, 50.775647802553)
Branweerzone Midwest;Duboislaan;2;Hoeilaart;Vlaams-Brabant;1560;17/08/2023;in betonnen welfsel, topspray in pmd zak, rond nest en vriezer;NA;Belgium;2 Duboislaan , 1560 Hoeilaart Belgium;c(4.4415075958797, 50.7685940025569)
Branweerzone Midwest;Kellenborrestraat;4;Hoeilaart;Vlaams-Brabant;1560;27/09/2023;15m beuk, telescopische stok;NA;Belgium;4 Kellenborrestraat , 1560 Hoeilaart Belgium;c(4.48438026373218, 50.7650319025628)
Hulpverleningszone oost (Vlaams-Brabant);Terdellestraat;2;Hoeilaart;Vlaams-Brabant;1560;11/06/2023;Nest in boom;NA;Belgium;2 Terdellestraat , 1560 Hoeilaart Belgium;c(4.47035082420702, 50.762481502562)
Hulpverleningszone oost (Vlaams-Brabant);Waversesteenweg;46;Hoeilaart;Vlaams-Brabant;1560;15/11/2023;Onder dak;NA;Belgium;46 Waversesteenweg , 1560 Hoeilaart Belgium;c(4.47397080845678, 50.7625650525623)
Branweerzone Midwest;Lindestraat;91;Hoeleden;Vlaams-Brabant;3471;6/08/2023;Nest in oude fietsenstalling;NA;Belgium;91 Lindestraat , 3471 Hoeleden Belgium;c(4.9948764418145, 50.8628151525926)
Branweerzone Midwest;Koxberg;28;Huldenberg;Vlaams-Brabant;3040;21/09/2023;Mountainbikeroute: lange stok+poeder;NA;Belgium;28 Koxberg , 3040 Huldenberg Belgium;c(4.58407194584597, 50.7838705525686)
Hulpverleningszone oost (Vlaams-Brabant);Veeweidestraat;26;Huldenberg;Vlaams-Brabant;3040;17/10/2023;Populier openbare weg;NA;Belgium;26 Veeweidestraat , 3040 Huldenberg Belgium;c(4.6367939485152, 50.7664857025798)
NA;Verstrekenstraat;27;Huldenberg;Vlaams-Brabant;3040;18/07/2023;NA;NA;Belgium;27 Verstrekenstraat , 3040 Huldenberg Belgium;c(4.63325359583221, 50.7696057025784)
NA;Leeuwerikweg;25;Keerbergen;Vlaams-Brabant;3140;NA;NA;NA;Belgium;25 Leeuwerikweg , 3140 Keerbergen Belgium;c(4.67617800644913, 50.9998194025159)
Branweerzone Midwest;Aarschotsesteenweg;20;Kessel-Lo;Vlaams-Brabant;3010;10/04/2023;Red nest 18m poeder;NA;Belgium;20 Aarschotsesteenweg , 3010 Kessel-Lo Belgium;c(4.70930259582737, 50.9017986025483)
Branweerzone Midwest;Koetsweg;185;Kessel-Lo;Vlaams-Brabant;3010;13/07/2023;50 cm hoogte in de haag, nest 10-15 cm groot;NA;Belgium;185 Koetsweg , 3010 Kessel-Lo Belgium;c(4.74148098437923, 50.8771578525592)
Hulpverleningszone oost (Vlaams-Brabant);Leopold Beosierlaan;76;Kessel-Lo;Vlaams-Brabant;3010;11/09/2023;Onderaan struiken, verdelgd met poeder;NA;Belgium;76 Leopold Beosierlaan , 3010 Kessel-Lo Belgium;c(4.72716140881388, 50.8869500525547)
Hulpverleningszone oost (Vlaams-Brabant);Leopold Beosierlaan;76;Kessel-Lo;Vlaams-Brabant;3010;11/09/2023;Nest verwijderd en meegenomen;NA;Belgium;76 Leopold Beosierlaan , 3010 Kessel-Lo Belgium;c(4.72716140881388, 50.8869500525547)
Branweerzone Midwest;Overwinningstraat;44;Kessel-Lo;Vlaams-Brabant;3010;13/06/2023;Nest in hoek van terras, iets groter dan tennisbal;NA;Belgium;44 Overwinningstraat , 3010 Kessel-Lo Belgium;c(4.72728618760885, 50.8720682525591)
Hulpverleningszone oost (Vlaams-Brabant);Richard Valvekensstraat;74;Kessel-Lo;Vlaams-Brabant;3010;11/09/2023;Geen nest gevonden;NA;Belgium;74 Richard Valvekensstraat , 3010 Kessel-Lo Belgium;c(4.72814550665388, 50.8835772525558)
NA;Tiensesteenweg;249;Kessel-Lo;Vlaams-Brabant;3010;14/08/2023;In boom op 13m, lans met poeder;NA;Belgium;249 Tiensesteenweg , 3010 Kessel-Lo Belgium;c(4.71492859582296, 50.8735708025572)
Hulpverleningszone oost (Vlaams-Brabant);Hakendoverstraat;1;Landen;Vlaams-Brabant;3400;11/12/2023;In boom 20m, dia 50cm, lans met poeder;NA;Belgium;1 Hakendoverstraat , 3400 Landen Belgium;c(4.99947372420517, 50.7762427526187)
Branweerzone Midwest;Kapelstraat;18;Landen;Vlaams-Brabant;3404;13/07/2023;Kleine nest in tuinberging;NA;Belgium;18 Kapelstraat , 3404 Landen Belgium;c(5.09713703719351, 50.7645093526336)
Hulpverleningszone oost (Vlaams-Brabant);Molenbergstraat;4;Landen;Vlaams-Brabant;3400;11/12/2023;In boom 24m, dia 60cm, lans met poeder;NA;Belgium;4 Molenbergstraat , 3400 Landen Belgium;c(5.08506879571721, 50.7524721026358)
Hulpverleningszone oost (Vlaams-Brabant);Aarschotsesteenweg;286;Leuven;Vlaams-Brabant;3000;16/11/2023;In boom 8m, dia 45cm, lans met poeder;NA;Belgium;286 Aarschotsesteenweg , 3000 Leuven Belgium;c(4.71233079582727, 50.9078855525468)
Hulpverleningszone oost (Vlaams-Brabant);Brusselsesteenweg;100;Leuven;Vlaams-Brabant;3000;14/11/2023;Uit boom gevallen nest met zak weggenomen;NA;Belgium;100 Brusselsesteenweg , 3000 Leuven Belgium;c(4.67756405627776, 50.8861180525493)
Hulpverleningszone oost (Vlaams-Brabant);Englebert Carleerlaan;26;Leuven;Vlaams-Brabant;3012;16/11/2023;In boom 20m, dia 45cm, lans met poeder;NA;Belgium;26 Englebert Carleerlaan , 3012 Leuven Belgium;c(4.70019713915369, 50.8984007525482)
NA;Hambosstraat;32;Leuven;Vlaams-Brabant;3018;16/10/2023;NA;NA;Belgium;32 Hambosstraat , 3018 Leuven Belgium;c(4.68058252004951, 50.932629302536)
Branweerzone Midwest;Hambosstraat;32;Leuven;Vlaams-Brabant;3018;16/10/2023;Boom 6m 30cm lans+poeder;NA;Belgium;32 Hambosstraat , 3018 Leuven Belgium;c(4.68058252004951, 50.932629302536)
Hulpverleningszone oost (Vlaams-Brabant);Ijzerenmolenstraat;143;Leuven;Vlaams-Brabant;3001;11/09/2023;In boom 20m, dia 40cm, lans met poeder;NA;Belgium;143 Ijzerenmolenstraat , 3001 Leuven Belgium;c(4.68655299582977, 50.8710753025547)
NA;Kapucijnenvoer;35;Leuven;Vlaams-Brabant;3000;26/09/2023;Nest weggenomen;NA;Belgium;35 Kapucijnenvoer , 3000 Leuven Belgium;c(4.69252167300949, 50.879248102553)
Hulpverleningszone oost (Vlaams-Brabant);Kasteelpark Arenberg;51;Leuven;Vlaams-Brabant;3001;17/11/2023;In boom 24, dia 70cm, lans met poeder;NA;Belgium;51 Kasteelpark Arenberg , 3001 Leuven Belgium;c(4.68250906206821, 50.8626478525567)
Branweerzone Midwest;Kerkhofdreef;7;Leuven;Vlaams-Brabant;3001;25/07/2023;In werkhal op 4m hoogte;NA;Belgium;7 Kerkhofdreef , 3001 Leuven Belgium;c(4.71418056712715, 50.8703241025581)
Hulpverleningszone oost (Vlaams-Brabant);Korbeek-Losestraat;71;Leuven;Vlaams-Brabant;3001;14/11/2023;In boom 4m, dia 40cm, lans met poeder;NA;Belgium;71 Korbeek-Losestraat , 3001 Leuven Belgium;c(4.72277527225587, 50.8701846525591)
Branweerzone Midwest;Mechelsevest;22;Leuven;Vlaams-Brabant;3000;10/07/2023;Nest in haag;NA;Belgium;22 Mechelsevest , 3000 Leuven Belgium;c(4.69002509583069, 50.8878326025502)
Branweerzone Midwest;Naamsesteenweg;575;Leuven;Vlaams-Brabant;3001;27/09/2023;Dakrand 9m lans+poeder;NA;Belgium;575 Naamsesteenweg , 3001 Leuven Belgium;c(4.69933955876271, 50.8483550525628)
Hulpverleningszone oost (Vlaams-Brabant);Professor Van Overstraetenplein;1;Leuven;Vlaams-Brabant;3000;22/11/2023;In boom 13m, dia 1m, lans met poeder;NA;Belgium;1 Professor Van Overstraetenplein , 3000 Leuven Belgium;c(4.71588459582341, 50.8799611025555)
Branweerzone Midwest;Roeselbergdal;10;Leuven;Vlaams-Brabant;3012;9/05/2023;Boom 17m bol 45cm;NA;Belgium;10 Roeselbergdal , 3012 Leuven Belgium;c(4.69507087484501, 50.8926728025493)
Hulpverleningszone oost (Vlaams-Brabant);Sint-Janbergsesteenweg;228;Leuven;Vlaams-Brabant;3001;11/07/2023;In boom 16m, dia 60cm, lans met poeder;NA;Belgium;228 Sint-Janbergsesteenweg , 3001 Leuven Belgium;c(4.65980739583541, 50.8615513025544)
NA;Spaanse Burchtlaan;26;Leuven;Vlaams-Brabant;3000;13/06/2023;Klein nest in tuin;NA;Belgium;26 Spaanse Burchtlaan , 3000 Leuven Belgium;c(4.72453934319184, 50.8670566025602)
Branweerzone Midwest;Toverberg;1;Leuven;Vlaams-Brabant;3001;18/09/2023;Torenkraan 15m 40cm dia;NA;Belgium;1 Toverberg , 3001 Leuven Belgium;c(4.65504177095217, 50.8609860025541)
Branweerzone Midwest;Waversebaan;303;Leuven;Vlaams-Brabant;3001;19/09/2023;Nest terras poeder;NA;Belgium;303 Waversebaan , 3001 Leuven Belgium;c(4.67713156275075, 50.8530262525589)
Branweerzone Midwest;Gellenberg;121;Lubbeek;Vlaams-Brabant;3210;8/10/2023;In magazijn op 3 meter, verwijderd via zaktechniek;NA;Belgium;121 Gellenberg , 3210 Lubbeek Belgium;c(4.83109254579622, 50.8946079025643)
Branweerzone Midwest;Jachthoorn;10;Lubbeek;Vlaams-Brabant;3210;29/08/2023;5m hoog, achter houten gevel planchetten, poeder met lans;NA;Belgium;10 Jachthoorn , 3210 Lubbeek Belgium;c(4.77605783903547, 50.9028249025556)
Branweerzone Midwest;Kraaikant;84;Nieuwrode;Vlaams-Brabant;3221;20/07/2023;Onder gootplank 5m hoog;NA;Belgium;84 Kraaikant , 3221 Nieuwrode Belgium;c(4.813614251136, 50.950204902546)
NA;Bogaardenstraat;51;Oud-Heverlee;Vlaams-Brabant;3050;28/06/2023;Nest op 1,5 m hoog tegen straatkant;NA;Belgium;51 Bogaardenstraat , 3050 Oud-Heverlee Belgium;c(4.65499018327211, 50.8364131525613)
NA;Parnassusbergdreef;1;Oud-Heverlee;Vlaams-Brabant;3052;16/08/2023;Secundaire nest in boom 27m, met lans;NA;Belgium;1 Parnassusbergdreef , 3052 Oud-Heverlee Belgium;c(4.66313839583067, 50.8248634025656)
Branweerzone Midwest;Haagwindelaan;35;Overijse;Vlaams-Brabant;3090;21/09/2023;Dakterras;NA;Belgium;35 Haagwindelaan , 3090 Overijse Belgium;c(4.49487152821629, 50.7732577525616)
Hulpverleningszone oost (Vlaams-Brabant);Koninginnelaan;64;Overijse;Vlaams-Brabant;3090;15/11/2023;In boom 15m;NA;Belgium;64 Koninginnelaan , 3090 Overijse Belgium;c(4.49493726141392, 50.7463082025695)
Branweerzone Midwest;Mommaertsstraat;101;Overijse;Vlaams-Brabant;3090;10/05/2023;Hoge boom telescopische stok;NA;Belgium;101 Mommaertsstraat , 3090 Overijse Belgium;c(4.57786939584506, 50.7609684025746)
Hulpverleningszone oost (Vlaams-Brabant);Reebokweg;2;Overijse;Vlaams-Brabant;3090;11/08/2023;Nest in boom;NA;Belgium;2 Reebokweg , 3090 Overijse Belgium;c(4.49355819586921, 50.7911428025562)
Hulpverleningszone oost (Vlaams-Brabant);Smetslaan;24;Overijse;Vlaams-Brabant;3090;11/06/2023;Nest in boom;NA;Belgium;24 Smetslaan , 3090 Overijse Belgium;c(4.50702514020964, 50.7430787025718)
Branweerzone Midwest;Sportlaan;2;Overijse;Vlaams-Brabant;3090;10/12/2023;Klimop: zak;NA;Belgium;2 Sportlaan , 3090 Overijse Belgium;c(4.52212251030448, 50.7367356025754)
Branweerzone Midwest;Teniersdreef;12;Overijse;Vlaams-Brabant;3090;17/08/2023;"aan raam op eerste verdiep was kleine nest aanwezig, met weinig beweging.
 
 Ondernomen acties:Topspray in zak gespoten en rond nest gedaan, daarna deze afgeschraapt en in zak laten vallen. Alle hoornaars reeds weg. Gezien de beperkte aanwezigheid zijn we op zoek gegaan naar secundaire nest. Deze iets verder gevonden bij huisnummer 9. Ze zaten in het dak onder de pannen, hier hebben we permas D ingespoten.";NA;Belgium;12 Teniersdreef , 3090 Overijse Belgium;c(4.50643594586612, 50.7921348025574)
Hulpverleningszone oost (Vlaams-Brabant);Tervarenthof;26;Overijse;Vlaams-Brabant;3090;11/07/2023;Nest in boom;NA;Belgium;26 Tervarenthof , 3090 Overijse Belgium;c(4.50826329586496, 50.7854348025595)
Hulpverleningszone oost (Vlaams-Brabant);Vanderweydendreef;56;Overijse;Vlaams-Brabant;3090;25/10/2023;In boom +/- 20m, product in nest;NA;Belgium;56 Vanderweydendreef , 3090 Overijse Belgium;c(4.51780397382962, 50.78756230256)
Branweerzone Midwest;Olivierstraat;93;Rotselaar;Vlaams-Brabant;3110;6/05/2023;Nest in rolkast;NA;Belgium;93 Olivierstraat , 3110 Rotselaar Belgium;c(4.76591587843588, 50.9587019525381)
Branweerzone Midwest;Vorststraat;66;Scherpenheuvel;Vlaams-Brabant;3270;8/08/2023;AZH in nestkast op 170 cm hoog, verdelgingsmiddel in zak en zak over nest;NA;Belgium;66 Vorststraat , 3270 Scherpenheuvel Belgium;c(4.99801636677547, 51.0237703525456)
Hulpverleningszone oost (Vlaams-Brabant);Ernest Claesstraat;140;Scherpenheuvel-Zichem;Vlaams-Brabant;3271;11/01/2023;In boom 22m, dia 50cm, lans met poeder;NA;Belgium;140 Ernest Claesstraat , 3271 Scherpenheuvel-Zichem Belgium;c(4.99071656213811, 51.0104722025486)
NA;Manhovestraat;32;Sint pieters Kapelle;Vlaams-Brabant;1541;18/07/2023;NA;NA;Belgium;32 Manhovestraat , 1541 Sint pieters Kapelle Belgium;c(3.98737349598473, 50.7051894025243)
NA;Elisabethlaan;26;Tervuren;Vlaams-Brabant;3080;18/07/2023;NA;NA;Belgium;26 Elisabethlaan , 3080 Tervuren Belgium;c(4.5101945072509, 50.8319297525461)
Hulpverleningszone oost (Vlaams-Brabant);Grootveldlaan;15;Tervuren;Vlaams-Brabant;3080;11/07/2023;Nest op grond (uit boom gevallen);NA;Belgium;15 Grootveldlaan , 3080 Tervuren Belgium;c(4.53274099526872, 50.8524801025426)
Branweerzone Midwest;Hoogvorstweg;23;Tervuren;Vlaams-Brabant;3080;21/09/2023;Dakgoot;NA;Belgium;23 Hoogvorstweg , 3080 Tervuren Belgium;c(4.49510522086699, 50.8244377525466)
NA;Hoogvorstweg;7;Tervuren;Vlaams-Brabant;3080;27/09/2023;Nest in luchtrooster;NA;Belgium;7 Hoogvorstweg , 3080 Tervuren Belgium;c(4.4948582958724, 50.8241326025467)
Branweerzone Midwest;Leuvensesteenweg;13;Tervuren;Vlaams-Brabant;3080;29/09/2023;NA;NA;Belgium;13 Leuvensesteenweg , 3080 Tervuren Belgium;c(4.51778043030291, 50.8293803025477)
Hulpverleningszone oost (Vlaams-Brabant);Madeliefjeslaan;16;Tervuren;Vlaams-Brabant;3080;11/07/2023;Nest dakgoot;NA;Belgium;16 Madeliefjeslaan , 3080 Tervuren Belgium;c(4.54085904586316, 50.8445163025459)
Hulpverleningszone oost (Vlaams-Brabant);Onze-Lieve-Vrouwstraat;3;Tervuren;Vlaams-Brabant;3080;24/10/2023;In boom, telescopische stok;NA;Belgium;3 Onze-Lieve-Vrouwstraat , 3080 Tervuren Belgium;c(4.56531672723578, 50.8368759025509)
Branweerzone Midwest;Rotselaerlaan;61;Tervuren;Vlaams-Brabant;3080;28/07/2023;In houten oversteek van dak;NA;Belgium;61 Rotselaerlaan , 3080 Tervuren Belgium;c(4.52840754586537, 50.8363265525469)
Branweerzone Midwest;Rotweg;1;Tervuren;Vlaams-Brabant;3080;8/08/2023;Aan de kant van wandelwegje in bramenstruik;NA;Belgium;1 Rotweg , 3080 Tervuren Belgium;c(4.53753673092079, 50.8161052525539)
Branweerzone Midwest;Sint-Hubertuslaan;6;Tervuren;Vlaams-Brabant;3080;27/09/2023;Nest in opening boven de deur;NA;Belgium;6 Sint-Hubertuslaan , 3080 Tervuren Belgium;c(4.54163285435444, 50.8366900525483)
Hulpverleningszone oost (Vlaams-Brabant);Lombardstraat;23;Tienen;Vlaams-Brabant;3300;11/12/2023;In boom 15m, dia 55cm, lans met poeder;NA;Belgium;23 Lombardstraat , 3300 Tienen Belgium;c(4.94143414277829, 50.8040330526037)
Hulpverleningszone oost (Vlaams-Brabant);Ridderstraat;3;Tienen;Vlaams-Brabant;3300;11/08/2023;In boom 15m, dia 60cm;NA;Belgium;3 Ridderstraat , 3300 Tienen Belgium;c(4.9487068880885, 50.7664204026157)
Branweerzone Midwest;Sint-Truidensesteenweg;1;Tienen;Vlaams-Brabant;3300;9/02/2023;In boom op 18m, bol 40cm, lans met poeder;NA;Belgium;1 Sint-Truidensesteenweg , 3300 Tienen Belgium;c(4.95389397229656, 50.8009827026061)
Branweerzone Midwest;Vianderstraat;22;Tienen;Vlaams-Brabant;3300;10/04/2023;15m boom, bol 70cm;NA;Belgium;22 Vianderstraat , 3300 Tienen Belgium;c(4.94460929063733, 50.8128532026015)
Hulpverleningszone oost (Vlaams-Brabant);Geetsvondelstraat;1;Tremelo;Vlaams-Brabant;3120;31/10/2023;In boom 38m, dia 55cm, lans met poeder;NA;Belgium;1 Geetsvondelstraat , 3120 Tremelo Belgium;c(4.75435312509754, 50.9879677025282)
NA;Helskensstraat;36;Tremelo;Vlaams-Brabant;3120;NA;NA;NA;Belgium;36 Helskensstraat , 3120 Tremelo Belgium;c(4.6902520725281, 50.9882186709712)
Branweerzone Midwest;Tuinwijkstraat;11;Tremelo;Vlaams-Brabant;3120;14/08/2023;In dak op 3m, poeder in de invliegopening;NA;Belgium;11 Tuinwijkstraat , 3120 Tremelo Belgium;c(4.7352292958312, 50.9986747525229)
Branweerzone Midwest;Bleydenberglaan;11;Wilsele;Vlaams-Brabant;3012;30/08/2023;In haag op 1,5m, bol van 35cm, zaktechniek;NA;Belgium;11 Bleydenberglaan , 3012 Wilsele Belgium;c(4.70127425405498, 50.8910906025505)
NA;kapellestraat;20;Ardooie;West-Vlaanderen;8851;15/09/2023;NA;NA;Belgium;20 kapellestraat , 8851 Ardooie Belgium;c(3.21257381151948, 51.0077155523533)
NA;wezestraat;2;Ardooie;West-Vlaanderen;8850;12/09/2023;NA;NA;Belgium;2 wezestraat , 8850 Ardooie Belgium;c(3.20832469620049, 50.9688276023639)
NA;Meuledreve;2;Dentergem;West-Vlaanderen;8720;28/08/2023;NA;NA;Belgium;2 Meuledreve , 8720 Dentergem Belgium;c(3.4325761785781, 50.9389981023963)
NA;wontergemstraat;85;Dentergem;West-Vlaanderen;8720;27/08/2023;NA;NA;Belgium;85 wontergemstraat , 8720 Dentergem Belgium;c(3.42470593323769, 50.9663415523876)
NA;akkerstraat;32;Hooglede;West-Vlaanderen;8830;19/07/2023;NA;NA;Belgium;32 akkerstraat , 8830 Hooglede Belgium;c(3.06992741843038, 50.9789374023464)
NA;beverenstraat;42;Hooglede;West-Vlaanderen;8830;6/06/2023;NA;NA;Belgium;42 beverenstraat , 8830 Hooglede Belgium;c(3.08815092786834, 50.9774086523487)
NA;doelstraat;21;Ingelmunster;West-Vlaanderen;8770;20/08/2023;NA;NA;Belgium;21 doelstraat , 8770 Ingelmunster Belgium;c(3.24889438905485, 50.9230291523811)
NA;koetsstraat;4;Ingelmunster;West-Vlaanderen;8770;12/06/2023;NA;NA;Belgium;4 koetsstraat , 8770 Ingelmunster Belgium;c(3.25844871592714, 50.9080012023864)
NA;meulebekestraat;67;Ingelmunster;West-Vlaanderen;8770;10/07/2023;NA;NA;Belgium;67 meulebekestraat , 8770 Ingelmunster Belgium;c(3.26024503331396, 50.9282143523809)
NA;blekerijstraat;90;Izegem;West-Vlaanderen;8870;14/07/2023;NA;NA;Belgium;90 blekerijstraat , 8870 Izegem Belgium;c(3.20050709860397, 50.9042896023813)
NA;gudrunplein;5;Izegem;West-Vlaanderen;8870;13/07/2023;NA;NA;Belgium;5 gudrunplein , 8870 Izegem Belgium;c(3.22456155253449, 50.9053002523836)
NA;hondekensmolenstraat;8;Izegem;West-Vlaanderen;8870;13/07/2023;NA;NA;Belgium;8 hondekensmolenstraat , 8870 Izegem Belgium;c(3.22128381764891, 50.9080931523825)
NA;molstraat;31;Izegem;West-Vlaanderen;8870;13/07/2023;NA;NA;Belgium;31 molstraat , 8870 Izegem Belgium;c(3.18672201336721, 50.9155524023767)
NA;Oekensestraat;99;Izegem;West-Vlaanderen;8870;NA;NA;NA;Belgium;99 Oekensestraat , 8870 Izegem Belgium;c(3.17944510622458, 50.9224848523739)
NA;europalaan;23;Lichtervelde;West-Vlaanderen;8810;19/07/2023;NA;NA;Belgium;23 europalaan , 8810 Lichtervelde Belgium;c(3.12593522080121, 51.0273860523387)
NA;rozenlaan;47;Lichtervelde;West-Vlaanderen;8810;1/06/2023;NA;NA;Belgium;47 rozenlaan , 8810 Lichtervelde Belgium;c(3.13183991203849, 51.0290880523387)
NA;biezaardhof;8;Meulebeke;West-Vlaanderen;8760;15/06/2023;NA;NA;Belgium;8 biezaardhof , 8760 Meulebeke Belgium;c(3.28987840440253, 50.9454756023792)
NA;nieuwstraat;8;Meulebeke;West-Vlaanderen;8760;13/09/2023;NA;NA;Belgium;8 nieuwstraat , 8760 Meulebeke Belgium;c(3.2853577886362, 50.9518640523769)
NA;sint-antoniusstraat;3;Meulebeke;West-Vlaanderen;8760;18/08/2023;NA;NA;Belgium;3 sint-antoniusstraat , 8760 Meulebeke Belgium;c(3.24263423964521, 50.9615615523696)
NA;veldstraat;150;Meulebeke;West-Vlaanderen;8760;20/07/2023;NA;NA;Belgium;150 veldstraat , 8760 Meulebeke Belgium;c(3.25495699618767, 50.9525202023735)
NA;kleppestraat;46;moorslede;West-Vlaanderen;8890;7/09/2023;NA;NA;Belgium;46 kleppestraat , 8890 moorslede Belgium;c(3.10033643180573, 50.8511604523858)
NA;mgr cardijnlaan;11;moorslede;West-Vlaanderen;8890;30/08/2023;NA;NA;Belgium;11 mgr cardijnlaan , 8890 moorslede Belgium;c(3.10140700770588, 50.8519042023857)
NA;hoogleenstraat;6;Oostrozebeke;West-Vlaanderen;8780;14/08/2023;NA;NA;Belgium;6 hoogleenstraat , 8780 Oostrozebeke Belgium;c(3.35525138367384, 50.9290693023908)
NA;boterstraat;10;Pittem;West-Vlaanderen;8740;12/07/2023;NA;NA;Belgium;10 boterstraat , 8740 Pittem Belgium;c(3.24659454522716, 50.9828434023639)
NA;abeelstraat;120;Roeselare;West-Vlaanderen;8800;4/07/2023;NA;NA;Belgium;120 abeelstraat , 8800 Roeselare Belgium;c(3.11092854622097, 50.9421464023611)
NA;baliestraat;1;Roeselare;West-Vlaanderen;8800;17/08/2023;NA;NA;Belgium;1 baliestraat , 8800 Roeselare Belgium;c(3.13948927459671, 50.9558469023602)
NA;blinde-rodenbachstraat;23;Roeselare;West-Vlaanderen;8800;NA;NA;NA;Belgium;23 blinde-rodenbachstraat , 8800 Roeselare Belgium;c(3.14424962385037, 50.9330357523672)
NA;boomgaardstraat;89;Roeselare;West-Vlaanderen;8800;6/07/2023;NA;NA;Belgium;89 boomgaardstraat , 8800 Roeselare Belgium;c(3.12740644103065, 50.9362878523645)
NA;Bruanestraat;78;Roeselare;West-Vlaanderen;8800;15/06/2023;NA;NA;Belgium;78 Bruanestraat , 8800 Roeselare Belgium;c(3.13863091332325, 50.9490354023621)
NA;deken wallaertstraat;19;Roeselare;West-Vlaanderen;8800;19/07/2023;NA;NA;Belgium;19 deken wallaertstraat , 8800 Roeselare Belgium;c(3.1377919833424, 50.9706708523559)
NA;Fazantendreef;21;Roeselare;West-Vlaanderen;8800;6/06/2023;NA;NA;Belgium;21 Fazantendreef , 8800 Roeselare Belgium;c(3.11328749853641, 50.9618398023558)
NA;gitsestraat;199;Roeselare;West-Vlaanderen;8800;18/09/2023;NA;NA;Belgium;199 gitsestraat , 8800 Roeselare Belgium;c(3.11711619622142, 50.9608329023565)
NA;groenestraat;399;Roeselare;West-Vlaanderen;8800;8/07/2023;NA;NA;Belgium;399 groenestraat , 8800 Roeselare Belgium;c(3.09687574622382, 50.937330302361)
NA;Guido Gezellelaan;95;Roeselare;West-Vlaanderen;8800;2/06/2023;NA;NA;Belgium;95 Guido Gezellelaan , 8800 Roeselare Belgium;c(3.14571991746535, 50.9382724023659)
NA;guido Gezellelaan;37;Roeselare;West-Vlaanderen;8800;24/08/2023;NA;NA;Belgium;37 guido Gezellelaan , 8800 Roeselare Belgium;c(3.13989044117247, 50.9404388023646)
NA;Guido Gezellelaan;39;Roeselare;West-Vlaanderen;8800;22/08/2023;Secundair nest 8m hoog in boom;NA;Belgium;39 Guido Gezellelaan , 8800 Roeselare Belgium;c(3.14011509431798, 50.9403931523647)
NA;hof ter weze;21;Roeselare;West-Vlaanderen;8800;12/06/2023;NA;NA;Belgium;21 hof ter weze , 8800 Roeselare Belgium;c(3.11918349621708, 50.9233924023673)
NA;hoogleedsesteenweg;460;Roeselare;West-Vlaanderen;8800;18/08/2023;NA;NA;Belgium;460 hoogleedsesteenweg , 8800 Roeselare Belgium;c(3.09652903462072, 50.9641355523534)
NA;infanteriestraat;11;Roeselare;West-Vlaanderen;8800;17/08/2023;NA;NA;Belgium;11 infanteriestraat , 8800 Roeselare Belgium;c(3.10725822021245, 50.9507876023583)
NA;Kardinaal Cardijnlaan;12;Roeselare;West-Vlaanderen;8800;14/06/2023;NA;NA;Belgium;12 Kardinaal Cardijnlaan , 8800 Roeselare Belgium;c(3.13694609021882, 50.95566875236)
NA;kwadestraat;179;Roeselare;West-Vlaanderen;8800;5/07/2023;NA;NA;Belgium;179 kwadestraat , 8800 Roeselare Belgium;c(3.17242973454378, 50.9168198023748)
NA;mandellaan;476;Roeselare;West-Vlaanderen;8800;22/07/2023;NA;NA;Belgium;476 mandellaan , 8800 Roeselare Belgium;c(3.13727829621574, 50.952356802361)
NA;pieter de coninckstraat;30;Roeselare;West-Vlaanderen;8800;26/07/2023;NA;NA;Belgium;30 pieter de coninckstraat , 8800 Roeselare Belgium;c(3.13113369816185, 50.9380552023644)
NA;pieter de coninckstraat;30;Roeselare;West-Vlaanderen;8800;8/08/2023;NA;NA;Belgium;30 pieter de coninckstraat , 8800 Roeselare Belgium;c(3.13113369816185, 50.9380552023644)
NA;Robert Lawetstraat;16;Roeselare;West-Vlaanderen;8800;6/06/2023;NA;NA;Belgium;16 Robert Lawetstraat , 8800 Roeselare Belgium;c(3.13133977715515, 50.9675992523561)
NA;Schaapbruggestraat;32;Roeselare;West-Vlaanderen;8800;23/05/2023;NA;NA;Belgium;32 Schaapbruggestraat , 8800 Roeselare Belgium;c(3.15587799702959, 50.9396559023666)
NA;skaldenstraat;10;Roeselare;West-Vlaanderen;8800;12/07/2023;NA;NA;Belgium;10 skaldenstraat , 8800 Roeselare Belgium;c(3.10837869622118, 50.938221402362)
NA;spanjestraat;166;Roeselare;West-Vlaanderen;8800;6/07/2023;NA;NA;Belgium;166 spanjestraat , 8800 Roeselare Belgium;c(3.14149273526234, 50.9457048523633)
